uuid,Members,Answers,Fully specified name:fr,Fully specified name:en,Short name:fr,Short name:en,Data class,Data type,_version:1,_order:930
533f4c86-1324-4260-bce5-0f872a556963,,,Dépistage cas index Proposé?,Index testing offered?,Dépistage cas index Proposé?,Index testing offered?,Misc,Boolean,,
78d13812-cd29-4214-9a58-a8710fd69cff,,,Dépistage cas index Accepté?,Index testing accepted?,Dépistage cas index Accepté?,Index testing accepted?,Misc,Boolean,,
836fe9d4-96f1-4fea-9ad8-35bd06e0ee05,,,Date Offert,Date Offered,Date Offert,Date Offered,Misc,Date,,
e7a002be-8afc-48b1-a81b-634e37f2961c,,,Date Accepté,Date Accepted,Date Accepté,Date Accepted,Misc,Date,,
5f38b80a-d4e2-4623-bb15-6662c33ab4f9,,,Nombre d'enfant en charge,Number of children in charge,Nombre d'enfant en charge,Number of children in charge,Misc,Numeric,,
6221e521-79c9-4a28-b3e5-e96df371b855,,,Age du dernier enfant,Age of last child,Age du dernier enfant,Age of last child,Misc,Numeric,,
b2031349-b60a-433d-880a-8668cc040d2f,,,Hétérosexuel,Heterosexual,Hétérosexuel,Heterosexual,Misc,N/A,,
9801e8cd-da10-4c52-adee-27cd6939adbb,,,Bisexuel,Bisexual,Bisexuel,Bisexual,Misc,N/A,,
c540d003-cdb5-434c-baa4-0b2b3e5e3205,,,Homosexuel,Homosexual,Homosexuel,Homosexual,Misc,N/A,,

b9c5c9c4-6290-4c79-b344-6928572ac57c,,,Travailleuses de Sexe,Female Sex Workers,Travailleuses de Sexe,Female Sex Workers,Misc,N/A,,
b1824734-c5d8-46d0-86c7-a4c8f73fce80,,,Hommes ayant des rapports sexuels avec des hommes,Men who have a Sex with Men,Hommes ayant des rapports sexuels avec des hommes,Men who have a Sex with Men,Misc,N/A,,
425b6957-a360-4b5a-9a30-eb9705d9fc75,,,Prisoniers et Autres,Prisoners and Other enclose settings,Prisoniers et Autres,Prisoners and Other enclose settings,Misc,N/A,,

211f0857-61a3-4049-9777-374c4a592453,,b2031349-b60a-433d-880a-8668cc040d2f;9801e8cd-da10-4c52-adee-27cd6939adbb;c540d003-cdb5-434c-baa4-0b2b3e5e3205,Orientation sexuelle,Sexual orientation,Orientation sexuelle,Sexual orientation,Misc,Coded,,
248e21db-98f8-49fc-b596-fe9042b013ac,,b9c5c9c4-6290-4c79-b344-6928572ac57c;b1824734-c5d8-46d0-86c7-a4c8f73fce80;425b6957-a360-4b5a-9a30-eb9705d9fc75;762af91a-d2c1-4edc-9ec4-47a82c6f6485;7b706d4b-b6c7-4383-ae60-de81151dfc2e;4b2379ba-a180-4f69-8802-493ed0177654,Type Population Clé,KP Type,Type Population Clé,KP Type,Misc,Coded,,

a2065636-5326-40f5-aed6-0cc2cca81ccc,,,Oui full name,Yes full name,Oui,Yes,Misc,N/A,,
b497171e-0410-4d8d-bbd4-7e1a8f8b504e,,,Non full name,No full name,Non,No,Misc,N/A,,
b7648479-e480-4772-b646-a5abc07bc4f7,,Yes full name;No full name,Partenaire informé,Informed partner,Partenaire informé,Informed partner,Misc,Coded,,
7acfafa4-f19b-485e-97a7-c9e002dbe37a,,,Positif,Positive,Positif,Positive,Misc,N/A,,
718b4589-2a11-4355-b8dc-aa668a93e098,,,Négatif,Negative,Négatif,Negative,Misc,N/A,,
b09900a6-4646-4804-b460-63be72879a13,,,Ne sait pas,Do not know,Ne sait pas,Do not know,Misc,N/A,,
351d2ae2-597e-471d-859c-ac0f782e06ec,,Positive;Negative;Do Not Know,Statut Partenaire,Status Partner,Statut Partenaire,Status Partner,Misc,Coded,,
b9bcbad0-3d5d-43f8-9cb8-b0a80ea440c7,,Yes full name;No full name,Partage des résultats sérologiques,Sharing of serological results,Partage des résultats sérologiques,Sharing of serological results,Misc,Coded,,
3b75cc72-924b-4d36-8891-95484287495e,,,Inconnu,Unknown,Inconnu,Unknown,Misc,N/A,,
9d26a59c-fe56-4509-b931-e380303a72c3,,,Non renseigné,Not specified,Non renseigné,Not specified,Misc,N/A,,
2d1bf419-16a9-44a7-a11c-98d39b170cec,,Yes full name;No full name;Unknown;9d26a59c-fe56-4509-b931-e380303a72c3,Couples discordants,Discordant couples,Couples discordants,Discordant couples,Misc,Coded,,
d2b400ea-7510-432c-9ea4-27ea88736bb7,,Yes full name;No full name,Utilisation systématique du préservatif,Condom use systematically,Utilisation systématique du préservatif,Condom use systematically,Misc,Coded,,
d27e92b4-8122-4636-9b20-9b8b8b91e9dd,,,Nombre de partenaires sexuels dans les 12 derniers mois,Number of sexual partners in the last 12 months,Nombre de partenaires sexuels dans les 12 derniers mois,Number of sexual partners in the last 12 months,Misc,Numeric,,
83e4df0e-5723-4c53-ae8b-7411b2337bef,5f38b80a-d4e2-4623-bb15-6662c33ab4f9;6221e521-79c9-4a28-b3e5-e96df371b855;211f0857-61a3-4049-9777-374c4a592453;248e21db-98f8-49fc-b596-fe9042b013ac;b7648479-e480-4772-b646-a5abc07bc4f7;351d2ae2-597e-471d-859c-ac0f782e06ec;b9bcbad0-3d5d-43f8-9cb8-b0a80ea440c7;2d1bf419-16a9-44a7-a11c-98d39b170cec;d2b400ea-7510-432c-9ea4-27ea88736bb7;d27e92b4-8122-4636-9b20-9b8b8b91e9dd,,1. Information socio-demographiques,1. Socio-demographic information,1. Information socio-demographiques,1. Socio-demographic information,Misc,N/A,,
0d9692be-a4ea-48b8-bf44-3c6c8eb7ecf5,,,Date du diagnostic,Date of diagnosis,Date du diagnostic,Date of diagnosis,Misc,Date,,
c5472ee7-c57a-4e27-afce-334fcd497f1c,,,AES,AES,AES,AES,Misc,N/A,,
7bd7c899-6f77-4070-a905-f79da3726f79,,,Age gestationnel au moment du diagnostic (En semaines),Gestational Age at Diagnosis (Week of Amenorrhea),Age gestationnel au moment du diagnostic (En semaines),Gestational Age at Diagnosis (Week of Amenorrhea),Misc,Numeric,,
aedaa567-d708-44db-95ea-b3b30790ffc8,,,Stade I,Stage I,Stade I,Stage I,Misc,N/A,,
480042e0-3011-4652-b989-2e22b5a725f2,,,Stade II,Stage II,Stade II,Stage II,Misc,N/A,,
703221c8-7ef4-4268-973c-317b799364c0,,,Stade III,Stage III,Stade III,Stage III,Misc,N/A,,
61e9ccd8-2451-483b-bc31-7a0532eb79a2,,,Stade IV,Stage IV,Stade IV,Stage IV,Misc,N/A,,
aad6f1de-b0ef-4d7d-930f-0bfde226a202,,Stage I;Stage II;Stage III;Stage IV,Stade OMS de la mère au moment du diagnostic,WHO Stage of Mother at Diagnosis,Stade OMS de la mère au moment du diagnostic,WHO Stage of Mother at Diagnosis,Misc,Coded,,
5729f4dc-d252-4742-98a3-0175d92f3f96,,Yes full name;No full name,Sous Sous Trithérapie curative penda la grossesse TARV pendant la grossesse,On Triple combination ART during pregnacy,Sous Trithérapie curative penda la grossesse,On Triple combination ART during pregnacy,Misc,Coded,,
acfda6ce-dd1a-484d-b9a4-7121a364de3c,,,"Si Oui, schéma thérapeutique","If Yes, treatment regimen","Si Oui, schéma thérapeutique","If Yes, treatment regimen",Misc,Text,,
e01d03fb-0993-4029-bb1a-8df67050031a,,,<4 Sem,<4 Sem,<4 Sem,<4 Sem,Misc,N/A,,
ed81ad6b-ca4d-4414-aa73-dcc1669ea698,,,>4 Sem,>4 Sem,>4 Sem,>4 Sem,Misc,N/A,,
eefe44cb-35af-46ce-a93e-90a24c11bd98,,<4 Sem;>4 Sem,Durèe avant l'accouchement,Duration before delivery,Durèe avant l'accouchement,Duration before delivery,Misc,Coded,,
b0ce68ed-0252-4866-8220-f73efde4daf4,,Yes full name;No full name,Suivi de la grossesse,Follow-up of pregnancy,Suivi de la grossesse,Follow-up of pregnancy,Misc,Coded,,
c91a8472-dabf-48ad-8047-05922bd7b5df,,,Nombre de CPN,Number of CPN,Nombre de CPN,Number of CPN,Misc,Numeric,,
b3990e3d-03d6-4f96-99a1-c77d2c209291,,Positive;Negative;Unknown,Statut de l'Ag HBs de la mère,Status of HBsAg of mother,Statut de l'Ag HBs de la mère,Status of HBsAg of mother,Misc,Coded,,
8e2f45bb-a6bb-41ff-b28f-53cc6b8e3122,"Gestational Age at Diagnosis (Week of Amenorrhea);WHO Stage of Mother at Diagnosis;On Triple combination ART during pregnacy;If Yes, treatment regimen;Duration before delivery;Follow-up of pregnancy;Number of CPN; Status of HBsAg of mother",,La Grossesse,HIV+ Pregnancy,La Grossesse,Pregnancy,Misc,N/A,,
68676922-07f9-4144-af7a-504f93055ca1,,,Accouchement à domicile,Childbirth at home,Accouchement à domicile,Childbirth at home,Misc,N/A,,
e27da154-3ec8-4c5a-a93d-1d6aed3fc8ae,,,Accouchement dans une formation sanitaire,Delivery in a health facility,Accouchement dans une formation sanitaire,Delivery in a health facility,Misc,N/A,,
09894da7-41c1-4996-a9d2-ecaca1af5bfb,,Childbirth at home;Delivery in a health facility,Lieu d'accouchement,Place of delivery,Lieu d'accouchement,Place of delivery,Misc,Coded,,
7b88e743-c39f-44cb-8181-9c4eadcf2e12,,,Date d'accouchement,Date of delivery,Date d'accouchement,Date of delivery,Misc,Date,,
4bbd6b11-0461-4e3f-89a8-5faa500a815b,,,Normal Delivery,Normal Delivery,Normal Delivery,Normal Delivery,Misc,N/A,,
b305446d-00ef-4733-8d00-20369a4e1c2b,,Normal Delivery;Caesarean section,Mode d'accouchement,Delivery mode,Mode d'accouchement,Delivery mode,Misc,Coded,,
cb279713-3373-44be-91bf-ead37122d098,,,Autre,Other,Autre,Other,Misc,N/A,,
eb9215a4-be8a-47f4-a08e-629d91e959bd,,Cephalic;Breech Presentation;cb279713-3373-44be-91bf-ead37122d098,Presentation,Presentation,Presentation,Presentation,Misc,Coded,,
152fb57d-ddfe-4240-8711-c4bf317a7187,,,"Si Autres presentation, préciser","If other presentation, specify","Si Autres presentation, préciser","If other presentation, specify",Misc,Text,,
3f589e5e-a9c2-4f2e-b57c-425db67d72af,,,Rupture prématurée des membranes,Premature rupture of the membranes,Rupture prématurée des membranes,Premature rupture of the membranes,Misc,N/A,,
47828076-7275-4b26-874d-a4ae5b0c5e35,,,Autres Complication,Other complications,Autres Complication,Other complications,Misc,N/A,,
b9478892-86cd-4749-aaaf-8285b042f167,,,"Si autres complication, préciser","If other complications, specify","Si autres complication, préciser","If other complications, specify",Misc,Text,,
fdfb284b-6bb0-4f19-b7b4-1034dec07e14,,Premature rupture of the membranes;47828076-7275-4b26-874d-a4ae5b0c5e35,Complications,Complications,Complications,Complications,Misc,Coded,,
d92d730a-ee00-4d65-9794-c772e45395bd,,,"Si la rupture Prématurée des Membranes, Durée (en heures)","If Premature Membrane Rupture, Duration (in hours)","Si la rupture Prématurée des Membranes, Durée (en heures)","If Premature Membrane Rupture, Duration (in hours)",Misc,Numeric,,
faa8bd18-23b0-4988-9452-1a60094f50fa,,,"Si Autres, préciser",If other specify,"Si Autres, préciser",If other specify,Misc,Text,,
153f79db-9674-48dc-b55c-4fd2b4979611,,Yes full name;No full name,Grossesse multiple,Multiple pregnancy,Grossesse multiple,Multiple pregnancy,Misc,Coded,,
f649d668-f914-4ac9-8caa-e2769baaa9c1,,,"Si oui, Ordre à la naissance","If yes, Order at Birth","Si oui, Ordre à la naissance","If yes, Order at Birth",Misc,Text,,
3d2c0067-dc1e-4b1d-8ed1-60d93821f299,,,Terme en semaines,Term in weeks,Terme en semaines,Term in weeks,Misc,Numeric,,
1d57214a-2137-40df-8d97-584da28796ae,,,Terme en journées,Term in days,Terme en journées,Term in days,Misc,Numeric,,
1673c217-853b-452b-a818-120bd37a4f89,,,APGAR (5 minutes),APGAR (5 minutes),APGAR (5 minutes),APGAR (5 minutes),Misc,Text,,
5e04129c-eed4-4e60-88a1-06e516de8497,,,APGAR (10 minutes),APGAR (10 minutes),APGAR (10 minutes),APGAR (10 minutes),Misc,Text,,
d275fa5d-5537-4d1e-982f-7c93cdf9ed0d,,,Pois de naissance(g),Birth weight (g),Pois de naissance(g),Birth weight (g),Misc,Numeric,,
da6a5225-6f10-4cd4-af8f-6d8e5e2f903d,,,Taille de naissance(cm),Birth size (cm),Taille de naissance(cm),Birth size (cm),Misc,Numeric,,
bbb08c51-92ca-4401-b057-7520c0d6e3d9,,,Périmètre crânien,Cranial circumference,Périmètre crânien,Cranial circumference,Misc,Numeric,,
a271bb6e-d4f0-457d-80bb-b360a2a65719,"Date of delivery;Place of delivery;Delivery mode;eb9215a4-be8a-47f4-a08e-629d91e959bd;If other presentation, specify;fdfb284b-6bb0-4f19-b7b4-1034dec07e14;If other complications, specify;If Premature Membrane Rupture, Duration (in hours);Multiple pregnancy;If yes, Order at Birth;Term in weeks;Term in days;APGAR (5 minutes);APGAR (10 minutes);Birth weight (g);Birth size (cm);Cranial circumference",,Accouchement,Delivery,Accouchement,Delivery,Misc,N/A,,
fbb6c3db-18aa-4bd4-80fe-553694ac23d3,,,"TDF+3TC+EFV ","TDF+3TC+EFV ",TDF+3TC+EFV,TDF+3TC+EFV,Misc,N/A,,
6c88407b-023a-40e5-8bc6-d0944b8b48be,,,TDF+3TC+DTG,TDF+3TC+DTG,TDF+3TC+DTG,TDF+3TC+DTG,Misc,N/A,,
e91eaddc-bf77-4546-ae0b-91e779d43952,,"TDF+3TC+EFV ;TDF+3TC+DTG",Traitement ARV chez la mère,ARV treatment in mother,Traitement ARV chez la mère,ARV treatment in mother,Misc,Coded,,
dc67832b-55c1-40f3-adbc-f4c767fc897d,,,Avant la grossesse,Before pregnancy,Avant la grossesse,Before pregnancy,Misc,N/A,,
b396862a-4153-436c-b45b-2030fca6d1f0,,,1 ère trimestre,1st trimester,1 ère trimestre,1st trimester,Misc,N/A,,
f718def6-5f2d-46b0-b0b9-58bb02934c2d,,,2 ème trimestre,2nd quarter,2 ème trimestre,2nd quarter,Misc,N/A,,
bee4f6d1-be3d-4ffb-93a8-eb23f301cc0d,,,3 ème trimestre,3rd quarter,3 ème trimestre,3rd quarter,Misc,N/A,,
4460c6eb-d8a7-4883-8efc-51203ace158a,,,Travail,Labor,Travail,Labor,Misc,N/A,,
0a70dd45-d95c-42c7-85ed-7214610ec11a,,,Post-partum,Postpartum,Post-partum,Postpartum,Misc,N/A,,
bf391f6b-8634-4743-a431-86b43a15d18d,,Before pregnancy;1st trimester;2nd quarter;3rd quarter;Labor;Postpartum,Période d'initiation,Initiation period,Période d'initiation,Initiation period,Misc,Coded,,
d2013118-1713-41f0-9e5b-1170c5560269,,,"Si arretêt du TARV penda la grossesse, Date d'arretêt des ARV","If ART stopped during pregnancy, ARV withdrawal date for withdrawal","Si arretêt du TARV penda la grossesse, Date d'arretêt des ARV","If ART stopped during pregnancy, ARV withdrawal date for withdrawal",Misc,Date,,
4d351fe2-1a66-47b5-9ed1-b8cfef9fa2bd,,,Date de reprise,Date of resumption,Date de reprise,Date of resumption,Misc,Date,,
4c76e858-22df-4219-aca8-77e8d5c53cff,,,Motif d'arretêt du TARV,Reason for discontinuation of ART,Motif d'arretêt du TARV,Reason for discontinuation of ART,Misc,Text,,
bd848a26-4c42-42ee-aba3-c70771d943dd,"ARV treatment in mother;Initiation period; If ART stopped during pregnancy, ARV withdrawal date for withdrawal;Date of resumption;Reason for discontinuation of ART",,ARV chez la mère,ARV in Mother,ARV chez la mère,ARV in Mother,Misc,N/A,,
2aefe251-a32d-4b76-8e19-02347233bbfb,,NVP;cb279713-3373-44be-91bf-ead37122d098,Traitement ARV chez l'enfant,ARV therapy in children,Traitement ARV chez l'enfant,ARV therapy in children,Misc,Coded,,
2567d6a8-5178-48ae-aafa-69c8822edc68,,,Date d'arrêt,Stop date,Date d'arrêt,Stop date,Misc,Date,,
29955cb9-1fd8-442e-bc59-2f3b20e70617,ARV therapy in children; Stop date,,ARV chez l'enfant,ARV in child,ARV chez l'enfant,ARV in child,Misc,N/A,,
d4e29b85-5b37-41ee-9aff-c4b6ac7c70f9,,,Allaitement maternel exclusif,Exclusive Breast Feeding,Allaitement maternel exclusif,Exclusive breastfeeding,Misc,N/A,,
472661fc-6b77-49a2-8c9f-965e65fccc53,,,Alimentation artificielle,Replacement Breast Feeding,Alimentation artificielle,Artificial milk,Misc,N/A,,
d71f70f6-4319-4561-95d3-11a8c1dc2507,,,Alimentation Mixte,Mixed Breast Feeding,Alimentation Mixte,Mixed,Misc,N/A,,
0b9b6e25-e0fe-4c65-b9af-2fd5f6cbb150,,Exclusive Breast Feeding;Replacement Breast Feeding;Mixed Breast Feeding,Type d'alimentation du nourrisson,Type of feeding,Type d'alimentation du nourrisson,Type of feeding,Misc,Coded,,
d014bae7-e3a8-41ca-837d-9919c1750f1f,,Yes full name;No full name,Sevrage,Weaning,Sevrage,Weaning,Misc,Coded,,
d986e715-14fd-4ae1-9ef2-7a60e3a6a54e,,,Date de début,Start date,Date de début,Start date,Misc,Date,,
fef74daa-2a47-4c4e-b9c2-d18078d8e3be,,,Date de fin,End date,Date de fin,End date,Misc,Date,,
c28a062b-46c9-433a-9ead-92c6c9090c0f,,,Moins d'1 mois,Less than 1 month,Moins d'1 mois,Less than 1 month,Misc,N/A,,
a9d523e3-5a99-4878-94e5-9493452818e5,,,Plus d'1 mois,More than 1 month,Plus d'1 mois,More than 1 month,Misc,N/A,,
662b2456-336b-4331-bf4e-7fc9dd03a006,,Less than 1 month;More than 1 month,Sevrage (Durée),Weaning (Duration),Sevrage (Durée),Weaning (Duration),Misc,Coded,,
1e2acdcf-eb4a-4d3a-8eec-f3f4f1589a96,,,Date d'introduction de l'alimentation complémentaire,Date of introduction of complementary feeding,Date d'introduction de l'alimentation complémentaire,Date of introduction of complementary feeding,Misc,Date,,
0a7cb1ae-aec0-4742-837d-7cd17a62a1c1,,"TDF+3TC+EFV ;TDF+3TC+DTG",ARV de la mère pendant l'allaitement,ARV of mother during breastfeeding,ARV de la mère pendant l'allaitement,ARV of mother during breastfeeding,Misc,Coded,,
a015aa57-0da7-4222-a4ed-5e3fed027a50,,Yes full name;No full name,ARV pour l'enfant pendant l'allaitement,ARVs for the child during breastfeeding,ARV pour l'enfant pendant l'allaitement,ARVs for the child during breastfeeding,Misc,Coded,,
3efb279b-1352-4ec3-bd6c-a94b612e61f4,,Yes full name;No full name,Déparasitage,Deworming,Déparasitage,Deworming,Misc,Coded,,
a223f984-eaf8-4c5e-b886-f3fb1951e3d1,,Yes full name;No full name,MILDA Utilisée,LLIN Used,MILDA Utilisée,LLIN Used,Misc,Coded,,
619a9177-1625-44d6-83e5-21501d3d272a,,,Si oui préciser,If yes specify,Si oui préciser,If yes specify,Misc,Text,,
e3710a07-7130-4ada-b4be-8a5c3851691a,Type of feeding;Weaning;Start date;End date;Weaning (Duration);Date of introduction of complementary feeding;ARV of mother during breastfeeding;ARVs for the child during breastfeeding;If yes specify;Deworming;LLIN Used,,Alimentation du nourrisson,Infant Feeding,Alimentation du nourrisson,Infant Feeding,Misc,N/A,,
51d7342d-d8ad-4061-97f3-c32724a47694,HIV+ Pregnancy;a271bb6e-d4f0-457d-80bb-b360a2a65719;ARV in Mother;ARV in child;Infant Feeding,,PTME,PMTCT,PTME,PMTCT,Misc,N/A,,
9e65343a-26d8-42f6-bef0-6d9a023229f3,,,Suspicion clinique,Clinical suspicion,Suspicion clinique,Clinical suspicion,Misc,N/A,,
2b8f445f-19b6-41e2-8cee-d9a14a97af64,,,Enfants infectés,Infected children,Enfants infectés,Infected children,Misc,N/A,,
bb0f7c69-cee7-4459-8683-f298e83aa705,,,CDV,CDV,CDV,CDV,Misc,N/A,,
e2158765-b804-4c71-a735-93d22727ffab,,,Don du sang,Gift of blood,Don du sang,Gift of blood,Misc,N/A,,
efb17e08-4e14-11e4-8a57-0800271c1b75,,,Viol,Rape,Viol,Rape,Misc,N/A,,
3ea42cae-28de-48ac-88c7-20c3a78bc575,,,TB,TB,TB,TB,Misc,N/A,,
df3f93c9-b3ec-4756-b5b8-00406428dc32,,Yes full name;No full name,IST,STI,IST,STI,Misc,Coded,,
c1fb51cc-3f10-11e4-adec-0800271c1b75,,,OBC,OBC,OBC,OBC,Misc,N/A,,
dcc5a64e-bf9f-402e-8ce3-42ccd3fb83ce,,c5472ee7-c57a-4e27-afce-334fcd497f1c;51d7342d-d8ad-4061-97f3-c32724a47694;9e65343a-26d8-42f6-bef0-6d9a023229f3;2b8f445f-19b6-41e2-8cee-d9a14a97af64;bb0f7c69-cee7-4459-8683-f298e83aa705;e2158765-b804-4c71-a735-93d22727ffab;Rape;3ea42cae-28de-48ac-88c7-20c3a78bc575;df3f93c9-b3ec-4756-b5b8-00406428dc32;c1fb51cc-3f10-11e4-adec-0800271c1b75;cb279713-3373-44be-91bf-ead37122d098,Circonstance de dépistage,Circumstances of screening,Circonstance de dépistage,Circumstances of screening,Misc,Coded,,
597f78bc-09ac-4473-b686-7d81b26cf64d,,,VIH1,HIV1,VIH1,HIV1,Misc,N/A,,
92cea782-a50b-439c-a3ae-1acc785c2c42,,,VIH2,HIV2,VIH2,HIV2,Misc,N/A,,
de0efbb3-4f8c-4054-b834-23c2f8b75112,,,VIH 1+2,HIV 1+2,VIH 1+2,HIV 1+2,Misc,N/A,,
ca6e7017-241f-4d5e-ba17-efd280c1b6cd,,,VIH10,HIV10,VIH10,HIV10,Misc,N/A,,
4cd723ee-83d1-4db8-86ca-eab4e7d220b0,,,VIH1N,HIV1N,VIH1N,HIV1N,Misc,N/A,,
76cab961-e2ad-4d2f-bb00-03c73ca7ce11,,,VIH1P,HIV1P,VIH1P,HIV1P,Misc,N/A,,
965b14e1-fbdb-4590-9e24-9fa5a64c68ce,,597f78bc-09ac-4473-b686-7d81b26cf64d;92cea782-a50b-439c-a3ae-1acc785c2c42;de0efbb3-4f8c-4054-b834-23c2f8b75112;ca6e7017-241f-4d5e-ba17-efd280c1b6cd;4cd723ee-83d1-4db8-86ca-eab4e7d220b0;76cab961-e2ad-4d2f-bb00-03c73ca7ce11,Type VIH,Type HIV,Type VIH,Type HIV,Misc,Coded,,
23d94813-c123-4f6d-a7f8-66e22bc30e75,0d9692be-a4ea-48b8-bf44-3c6c8eb7ecf5;dcc5a64e-bf9f-402e-8ce3-42ccd3fb83ce;faa8bd18-23b0-4988-9452-1a60094f50fa;965b14e1-fbdb-4590-9e24-9fa5a64c68ce,,2.1 Test HIV,2.1 HIV test,2.1 Test HIV,2.1 HIV test,Misc,N/A,,
c6faef09-0a6c-4f3b-98c6-a47c7299cf5b,,Yes full name;No full name,Maladies opportunistes,Opportunistic disease,Maladies opportunistes,Opportunistic disease,Misc,Coded,,
bc07198f-503e-4e7d-8831-bee81de3ee56,,Yes full name;No full name,Dépistage de la tuberculose,Screened for TB,Dépistage de la tuberculose,Screened for TB,Misc,N/A,,
ab62a5db-9c40-4d4c-a6e2-e53d783c521b,,,Si oui préciser la date,If yes specify date,Si oui préciser la date,If yes specify date,Misc,Date,,
00fd3693-409e-45ad-bb89-d1058fff4b7a,,Yes full name;No full name,Tuberculose,Tuberculosis ,Tuberculose,Tuberculosis,Misc,Coded,,
28e491d0-e1fc-4e4a-9ad5-4edf634ff341,,,Si oui Préciser la date de début,"If yes, specify start date",Si oui Préciser la date de début,"If yes, specify start date",Misc,Date,,
16c12c6b-f734-4fd6-974e-8088f5b1e013,,,La date de fin de traitement,End date of treatment,La date de fin de traitement,End date of treatment,Misc,Date,,
c1a0d403-2597-469c-a8df-8b424630f3ae,,Yes full name;No full name,Chimio prophylaxie INH,Chemo prophylaxis INH,Chimio prophylaxie INH,Chemo prophylaxis INH,Misc,Coded,,
1e3f1870-b252-4808-8edb-f86fad050ebd,,Yes full name;No full name,Diabète,Diabetes,Diabète,Diabetes,Misc,Coded,,
6aa07a98-1ace-4cd5-bad6-7e04507bc0ab,,Yes full name;No full name,HTA,HTA,HTA,HTA,Misc,Coded,,
f6ddc619-4093-4077-b91a-ad54306243e1,,,B,B,B,B,Misc,N/A,,
ceb11aff-09b7-4b1c-8ea8-7f98ef6079b1,,,C,C,C,C,Misc,N/A,,
e765f0df-ab4d-47a8-a51d-6ca9277cae32,,,D,D,D,D,Misc,N/A,,
56516172-9d35-4e52-9d98-00ff82235aa6,,f6ddc619-4093-4077-b91a-ad54306243e1;ceb11aff-09b7-4b1c-8ea8-7f98ef6079b1;e765f0df-ab4d-47a8-a51d-6ca9277cae32,Hépatites,Hepatitis(s),Hépatites,Hepatitis(s),Misc,Coded,,
83624a21-972b-40e2-af3e-1a42612f4756,,Yes full name;No full name,Autres maladies,Other diseases,Autres maladies,Other diseases,Misc,Coded,,
9200f505-f983-442b-99e7-23430e26e489,,,Drogue IV,Drug IV,Drogue IV,Drug IV,Misc,N/A,,
a32c47d6-ff4b-4f0b-b8f6-dea611f17f59,,9200f505-f983-442b-99e7-23430e26e489,Toxicologie,Toxicology,Toxicologie,Toxicology,Misc,Coded,,
94c4e73a-3a3a-443f-8ee5-88fa2fda4c4d,,Yes full name;No full name,Alcool,Alcohol consumption,Alcool,Alcohol consumption,Misc,Coded,,
9fc81579-7daa-4064-91d7-2d49315f3837,,,Si oui type d'alcool,"If yes, type of alcohol",Si oui type d'alcool,"If yes, type of alcohol",Misc,Text,,
f8a2b3bd-7b9b-4fd9-9997-6b21b352a410,,,Journalier,Daily,Journalier,Daily,Misc,N/A,,
264c63b3-c50a-4e61-9336-6303854b3a42,,,Hebdomadaire,Weekly,Hebdomadaire,Weekly,Misc,N/A,,
b839cbbf-6a2b-4571-bd6a-511352a42fc7,,,Mensuel,Monthly,Mensuel,Monthly,Misc,N/A,,
384e2433-bd23-496e-b076-a820992b84c7,,,Occasionnel,Occasionally,Occasionnel,Occasionally,Misc,N/A,,
6dfb72f4-d3e0-4605-a8c5-3e3a672d7cef,,f8a2b3bd-7b9b-4fd9-9997-6b21b352a410;264c63b3-c50a-4e61-9336-6303854b3a42;b839cbbf-6a2b-4571-bd6a-511352a42fc7;384e2433-bd23-496e-b076-a820992b84c7,Fréquence de consommation d'alcool,Frequency of alcohol consumption,Fréquence de consommation d'alcool,Frequency of alcohol consumption,Misc,Coded,,
f7bfba0e-35b2-41dc-8890-d36ecdfc7a22,,Yes full name;No full name,Tabac,Tabacco,Tabac,Tabacco,Misc,Coded,,
80aa32e3-64b2-4014-ab4d-ef475615af05,,,Orale,Orally,Orale,Orally,Misc,N/A,,
e273f66e-f349-47e7-af9f-6c80195136bc,,,Injectable inhalation,Injectable inhalation,Injectable inhalation,Injectable inhalation,Misc,N/A,,
a54aab80-7d10-43af-a1d9-0a81a88fbe8b,,80aa32e3-64b2-4014-ab4d-ef475615af05;e273f66e-f349-47e7-af9f-6c80195136bc,Type de drogue,Type of drug use,Type de drogue,Type of drug use,Misc,Coded,,
9a7ad1b1-942f-43b4-b280-5df81b515135,c6faef09-0a6c-4f3b-98c6-a47c7299cf5b;619a9177-1625-44d6-83e5-21501d3d272a;df3f93c9-b3ec-4756-b5b8-00406428dc32;00fd3693-409e-45ad-bb89-d1058fff4b7a;28e491d0-e1fc-4e4a-9ad5-4edf634ff341;16c12c6b-f734-4fd6-974e-8088f5b1e013;c1a0d403-2597-469c-a8df-8b424630f3ae;Diabetes;6aa07a98-1ace-4cd5-bad6-7e04507bc0ab;56516172-9d35-4e52-9d98-00ff82235aa6;83624a21-972b-40e2-af3e-1a42612f4756;a32c47d6-ff4b-4f0b-b8f6-dea611f17f59;94c4e73a-3a3a-443f-8ee5-88fa2fda4c4d;9fc81579-7daa-4064-91d7-2d49315f3837;6dfb72f4-d3e0-4605-a8c5-3e3a672d7cef;f7bfba0e-35b2-41dc-8890-d36ecdfc7a22;a54aab80-7d10-43af-a1d9-0a81a88fbe8b,,2.2 Médicaux,2.2 Medical,2.2 Médicaux,2.2 Medical,Misc,N/A,,
fd43f382-0f14-4740-ad8f-3ec38b05fd14,,Yes full name;No full name,ATCD prescription ARV,ATCD prescription ARV,ATCD prescription ARV,ATCD prescription ARV,Misc,Coded,,
02f7b1ff-1bfc-46b8-811d-bf524db681cb,,,Si traitement ARV antérieur; Date début,If previous ARV treatment; start date,Si traitement ARV antérieur; Date début,If previous ARV treatment; start date,Misc,Date,,
81ff1578-da33-44f3-bdbe-71d7706ecd87,,,Formation sanitaire,Health Facility,Formation sanitaire,Health Facility,Misc,Text,,
09704fda-7fe3-45bf-a993-9b5eb7b69ed9,,,Transfert avec dossier,Transfer with file,Transfert avec dossier,Transfer with file,Misc,N/A,,
c74e2fd5-1005-49e8-bf2a-64aabd2c662a,,,Déjà été sous ARV,Already been ARV,Déjà été sous ARV,Already been ARV,Misc,N/A,,
aeecf2e8-4746-4023-bc39-efdd83ce4e94,,09704fda-7fe3-45bf-a993-9b5eb7b69ed9;c74e2fd5-1005-49e8-bf2a-64aabd2c662a;51d7342d-d8ad-4061-97f3-c32724a47694,Circonstances du traitement ARV antérieur,Circumstances of previous ARV treatment,Circonstances du traitement ARV antérieur,Circumstances of previous ARV treatment,Misc,Coded,,
3b2a2ded-60f6-4818-a4f4-10f296f53ae1,,,Médicament ARV prescrits,Prescribed ARV drug,Médicament ARV prescrits,Prescribed ARV drug,Misc,Text,,
29538d59-7239-475d-b95c-3e493f8b88fe,,Yes full name;No full name,Traitement toujours en cours,Treatment still in progress,Traitement toujours en cours,Treatment still in progress,Misc,Coded,,
db3088d9-cc5c-433f-8e47-5e29881dd9c5,,Yes full name;No full name;Do Not Know,Cotrimoxazole (Prophylaxie en cours),Cotrimoxazole (Prophylaxsis in progress),Cotrimoxazole (Prophylaxie en cours),Cotrimoxazole (Prophylaxsis in progress),Misc,Coded,,
2fba5a24-fd7c-4f15-808e-ffafdeebb786,,Yes full name;No full name,Allergie médicamenteuse,Medication allergy,Allergie médicamenteuse,Medication allergy,Misc,Coded,,
d0b941d1-cc7d-4fe1-9a7c-188a858431d1,,,Si oui précisez (exemple: Allergie au cotrimoxazole),If yes specify allergy,Si oui précisez (exemple: Allergie au cotrimoxazole),If yes specify allergy,Misc,Text,,
cf74d45d-7a99-4c12-9bbb-02095726f666,fd43f382-0f14-4740-ad8f-3ec38b05fd14;02f7b1ff-1bfc-46b8-811d-bf524db681cb;fef74daa-2a47-4c4e-b9c2-d18078d8e3be;81ff1578-da33-44f3-bdbe-71d7706ecd87;aeecf2e8-4746-4023-bc39-efdd83ce4e94;3b2a2ded-60f6-4818-a4f4-10f296f53ae1;29538d59-7239-475d-b95c-3e493f8b88fe;db3088d9-cc5c-433f-8e47-5e29881dd9c5;2fba5a24-fd7c-4f15-808e-ffafdeebb786;d0b941d1-cc7d-4fe1-9a7c-188a858431d1,,2.3 ARV et autres,2.3 ARV and other,2.3 ARV et autres,2.3 ARV and other,Misc,N/A,,
d25b1be5-157a-4d2c-b29b-f872b231416d,,,GPAA (Gravité Parté Accouchement),GPAA (Severity released childbirth),GPAA (Gravité Parté Accouchement),GPAA (Severity released childbirth),Misc,Text,,
0336010a-4aae-4112-b1a7-5a29d1724517,,,DDR,DDR,DDR,DDR,Misc,Text,,
83f3b54f-fa55-4bea-b73f-7e3aa8b6a1e2,,,Ménopause,Menopause,Ménopause,Menopause,Misc,N/A,,
fb9b3d62-fb72-4b62-95c8-b3f3e5eaf92e,,,Trouble régles,Difficulties,Trouble régles,Difficulties,Misc,N/A,,
c45f6876-3f10-11e4-adec-0800271c1b75,,,Normale,Normal,Normale,Normal,Misc,N/A,,
8e4bdf44-636c-4af2-81e8-16b22b37c89e,,83f3b54f-fa55-4bea-b73f-7e3aa8b6a1e2;fb9b3d62-fb72-4b62-95c8-b3f3e5eaf92e;Normal,Menstruation,Menstruation,Menstruation,Menstruation,Misc,Coded,,
4c2629fe-5b75-4721-aec2-d5b792c7eb8e,d25b1be5-157a-4d2c-b29b-f872b231416d;0336010a-4aae-4112-b1a7-5a29d1724517;8e4bdf44-636c-4af2-81e8-16b22b37c89e,,2.4 Chez la femme,2.4 Female,2.4 Chez la femme,2.4 Female,Misc,N/A,,
7d1187b3-f428-4064-80ec-869c16761793,23d94813-c123-4f6d-a7f8-66e22bc30e75;9a7ad1b1-942f-43b4-b280-5df81b515135;cf74d45d-7a99-4c12-9bbb-02095726f666;4c2629fe-5b75-4721-aec2-d5b792c7eb8e,,2. Antecedents du patient,2. Patient background,2. Antecedents du patient,2. Patient background,Misc,N/A,,
be990264-d0f8-40ad-98b7-10458ed05f10,,,Nom du consultant,Name of Clinician,Nom du consultant,Name of Clinician,Misc,Text,,
ff9aa346-a4e7-4576-9382-a5c283ad00ba,,,Date de la visite initiale,Date of Initial Visit ,Date de la visite initiale,Date of Initial Visit ,Misc,Date,,
452dcc85-4916-4029-b90f-2b9aaa8a3d91,,,Initiation tt ARV,Initiation to ARV ,Initiation tt ARV,Initiation to ARV ,Misc,N/A,,
51385cca-e6da-4e79-87a6-f6ab5c8a0ebf,,,Suivi règulier sans tt ARV,Regular Follow Up no ARV ,Suivi règulier sans tt ARV,Regular Follow Up no ARV ,Misc,N/A,,
86e2f66d-6a78-40a3-a3f5-ceb0bbbbdf5a,,,Suivi ARV,Follow-up ARV ,Suivi ARV,Follow-up ARV,Misc,N/A,,
5af04fae-64cc-4f9d-8a65-39096530a8d5,,Initiation to ARV;Regular Follow Up no ARV;Follow-up ARV,Motif de la visite,Reason for Visit ,Motif de la visite,Reason for Visit ,Misc,Coded,,
8de7ee06-bf87-461c-900c-fe0bb9f18e76,,,Anormal,Abnormal,Anormal,Abnormal,Misc,N/A,,
fe8e5bf1-691a-42ac-af8b-96ac4012204f,,Normal;Abnormal,Review (General health),Review (General health),Revue,Review,Misc,Coded,,
e5b4b9af-a44e-46f6-8c5a-8a253be35762,,Yes full name;No full name,Fatigue,Tiredness,Fatigue,Tiredness,Misc,Coded,,
33ead84c-9395-408d-ad59-763a79108c66,,Yes full name;No full name,Asthenie,Weakness,Asthenie,Weakness,Misc,Coded,,
1f0f8ec6-4e15-11e4-8a57-0800271c1b75,,Yes full name;No full name,Fievre,Fever,Fievre,Fever,Misc,Coded,,
886c7ef0-b104-49bf-bd54-23429eec070d,,Yes full name;No full name,Hypersudations Nocturnes,Night Sweats,Hypersudations Nocturnes,Night Sweats,Misc,Coded,,
1fc47a4b-e35d-4f89-953e-52c4c6a69eb5,,Yes full name;No full name,Perte De Poids,Weight Loss,Perte De Poids,Weight Loss,Misc,Coded,,
344f0934-1efe-4895-8c61-ceeba1c61870,,Yes full name;No full name,Prise De Poids,Weight Gain,Prise De Poids,Weight Gain,Misc,Coded,,
62e5edb5-e933-4b2c-9206-d72684dc46de,,Yes full name;No full name,Troubles De Croissance,Inadequate Growth In Height,Troubles De Croissance,Inadequate Growth In Height,Misc,Coded,,
a7755be0-af01-443f-bdff-b9949ac8ae78,Review (General health);Tiredness;Weakness;Fever;Night Sweats;Weight Loss;Weight Gain;Inadequate Growth In Height,,Santé générale,General health,Santé générale,General health,Misc,N/A,,
301017b7-6f1b-4f7c-a894-5ea5799a8714,,Normal;Abnormal,"Review (Ear, Nose, Mouth, Throat)","Review (Ear, Nose, Mouth, Throat)","Revue","Review",Misc,Coded,,
7c0d32a5-287b-4f81-aeb2-b50188e07c8e,,Yes full name;No full name,Hypoacousie,Difficulty With Hearing,Hypoacousie,Difficulty With Hearing,Misc,Coded,,
f7ed4211-14b4-40e1-9f48-ebbb1dd366b4,,Yes full name;No full name,Rhinorrhee,Rhinorrhea,Rhinorrhee,Rhinorrhea,Misc,Coded,,
d0b28e28-0546-42c0-8453-4f57c5ab1bf1,,Yes full name;No full name,Bourdonnement Des Oreilles/Acouphenes,Ringing In The Ears,Bourdonnement Des Oreilles/Acouphenes,Ringing In The Ears,Misc,Coded,,
a14678f4-0dd2-4a47-96f8-dda019e036d8,,Yes full name;No full name,Aphtes/Phlyctenes,Mouths Sores,Aphtes/Phlyctenes,Mouths Sores,Misc,Coded,,
c1ff611a-416e-4996-96df-c4d617421845,,Yes full name;No full name,Douleurs Dentaires,Loose Teeth,Douleurs Dentaires,Loose Teeth,Misc,Coded,,
f91f8e6a-d2b1-4a18-be37-c0324eadc42f,,Yes full name;No full name,Otalgie Complaint,Ear Pain,Otalgie,Ear Pain,Misc,Coded,,
a1375cb3-21e3-4d20-8fca-ab3910b610c2,,Yes full name;No full name,Saignements Nasales,Nosebleeds,Saignements Nasales,Nosebleeds,Misc,Coded,,
4f8a1d43-55a2-4503-b963-875c10bf1c47,,Yes full name;No full name,Maux De Gorge,Sore Throat,Maux De Gorge,Sore Throat,Misc,Coded,,
483eade9-5bee-4c7f-b0a4-3877af33f60b,,Yes full name;No full name,Engourdissement Et Douleurs Au Visage,Facial Pain Or Numbness,Engourdissement Et Douleurs Au Visage,Facial Pain Or Numbness,Misc,Coded,,
44a75291-b9ee-458f-8bd2-6798e631a527,"Review (Ear, Nose, Mouth, Throat);Difficulty With Hearing;Rhinorrhea;Ringing In The Ears;Mouths Sores;Loose Teeth;Ear Pain;Nosebleeds;Sore Throat;Facial Pain Or Numbness",,"Oreille, nez, bouche, gorge","Ear, Nose, Mouth, Throat","Oreille, nez, bouche, gorge","Ear, Nose, Mouth, Throat",Misc,N/A,,
c6877ad6-f17d-4c7b-8761-21f4cb133f89,,Normal;Abnormal,Review (Cardiovascular),Review (Cardiovascular),Revue,Review,Misc,Coded,,
58f3c9fe-0afb-43ac-b570-de4cdd006d7c,,Yes full name;No full name,Palpitations Complaint,Palpitation,Palpitations,Palpitation,Misc,Coded,,
1e0f4158-4e15-11e4-8a57-0800271c1b75,,Yes full name;No full name,Douleurs Thoracique,Chest Pain,Douleurs Thoracique,Chest Pain,Misc,Coded,,
3d8a6ac3-7a5b-434f-8b3e-66c4d6129a00,,Yes full name;No full name,Oedemes Des Membres Inferieurs,Swelling Of Feet/Legs,Oedemes Des Membres Inferieurs,Swelling Of Feet/Legs,Misc,Coded,,
bb107380-4149-4330-a4ab-aba3aa339018,,Yes full name;No full name,Douleurs Aux Pieds Pendant La Marche,Pain In Legs With Walking,Douleurs Aux Pieds Pendant La Marche,Pain In Legs With Walking,Misc,Coded,,
d098f5f8-edda-40dc-9dd3-bb7936adf986,,Yes full name;No full name,Arythmie Cardiaque,Irregular Heart Beats,Arythmie Cardiaque,Irregular Heart Beats,Misc,Coded,,
688ad273-7225-4c49-8571-5141b70d0cf2,,Yes full name;No full name,Varices,Varicose Veins,Varices,Varicose Veins,Misc,Coded,,
cf47d98f-d634-4f23-9811-793201bed94a,Review (Cardiovascular);Palpitation;Chest Pain;Swelling Of Feet/Legs;Pain In Legs With Walking;Irregular Heart Beats;Varicose Veins,,"Cardio Vasculaire","Cardiovascular","Cardio Vasculaire","Cardiovascular",Misc,N/A,,
d3085705-0712-4398-89a9-8dfa08913864,,Normal;Abnormal,Review (Respiratory),Review (Respiratory),Revue,Review,Misc,Coded,,
21835173-4e15-11e4-8a57-0800271c1b75,,Yes full name;No full name,Essouflement/Dyspnee,Shortness Of Breath,Essouflement/Dyspnee,Shortness Of Breath,Misc,Coded,,
1e2918fb-4e15-11e4-8a57-0800271c1b75,,Yes full name;No full name,Toux,Cough,Toux,Cough,Misc,Coded,,
fcedc7f5-138a-4dbf-b498-52ef8f338e7f,,Yes full name;No full name,Sibilants Complaint,Wheezing Complaint,Sibilants,Wheezing,Misc,Coded,,
96200028-befb-46ae-b9d2-f5408fc79fbd,,Yes full name;No full name,Hemoptysie Complaint,Coughing Up Blood,Hemoptysie,Coughing Up Blood,Misc,Coded,,
f6537d24-53ee-4867-aec1-73bb1f398e77,Review (Respiratory);Shortness Of Breath;Night Sweats;Cough;Wheezing Complaint;Coughing Up Blood,,Respiratoire,Respiratory,Respiratoire,Respiratory,Misc,N/A,,
9c2b6062-9723-4c61-875b-c8a8a78e4e1b,,Normal;Abnormal,Review (Gastro Intestinal),Review (Gastro Intestinal),Revue,Review,Misc,Coded,,
d5b7d038-0899-43d8-8106-3289a829d3c3,,Yes full name;No full name,Nausees,Nausea,Nausees,Nausea,Misc,Coded,,
2216e20d-4e15-11e4-8a57-0800271c1b75,,Yes full name;No full name,Vomissements,Vomiting,Vomissements,Vomiting,Misc,Coded,,
d3762d0a-4654-49de-8ff3-5223a3a99961,,Yes full name;No full name,Diarrhee,Diarrhea,Diarrhee,Diarrhea,Misc,Coded,,
1dfb0948-4e15-11e4-8a57-0800271c1b75,,Yes full name;No full name,Douleurs Abdominales,Abdominal Pain,Douleurs Abdominales,Abdominal Pain,Misc,Coded,,
74100399-1dbb-44fb-b2fc-ffe6cd5d1539,,Yes full name;No full name,Selles Sanguinolantes,Blood In Stool,Selles Sanguinolantes,Blood In Stool,Misc,Coded,,
015a4c1a-2f74-4f84-a0e3-834eb5a0b0de,,Yes full name;No full name,Hematemese Complaint,Blood In Vomitus,Hematemese,Blood In Vomitus,Misc,Coded,,
947c1f63-0952-40c8-92d5-09ba0f4c82bd,,Yes full name;No full name,Constipation Complaint,Constipation Complaint,Constipation,Constipation,Misc,Coded,,
1f5e563c-4e15-11e4-8a57-0800271c1b75,,Yes full name;No full name,Brulures D'Estomac,Heartburn,Brulures D'Estomac,Heartburn,Misc,Coded,,
9cf249ee-2a4f-49f4-af8d-1a671a25d6e5,,Yes full name;No full name,Difficultes De Deglutition/Dysphagie,Difficulty Swallowing,Difficultes De Deglutition/Dysphagie,Difficulty Swallowing,Misc,Coded,,
5a4fa6af-9443-40e9-91e2-4e62e0fa2346,,Yes full name;No full name,Incontinence,Incontinence,Incontinence,Incontinence,Misc,Coded,,
216ebce0-c961-4790-b2f4-b84658be8e45,Review (Gastro Intestinal);Nausea;Vomiting;Diarrhea;Abdominal Pain;Blood In Stool;Blood In Vomitus;Constipation Complaint;Heartburn;Difficulty Swallowing;Incontinence,,Gastro Intestinal,Gastro Intestinal,Gastro Intestinal,Gastro Intestinal,Misc,N/A,,
4636e5ac-81ae-4b6b-bca0-81dd98e6e408,,Normal;Abnormal,Review (Genito-Urinary),Review (Genito-Urinary),Revue,Review,Misc,Coded,,
0a366fbb-5ef7-42d1-b03a-4aa3ecbe347b,,Yes full name;No full name,Brulure Mictionnelle,Painful Urination,Brulure Mictionnelle,Painful Urination,Misc,Coded,,
18f55c68-c423-4610-895b-87cd883fddfd,,Yes full name;No full name,Pollakiurie,Frequent Urination,Pollakiurie,Frequent Urination,Misc,Coded,,
58901bc6-e5b3-4a70-9380-afbdcbf79a61,,Yes full name;No full name,Urgence,Urgency,Urgence,Urgency,Misc,Coded,,
fcde644d-2049-489f-9c6b-4779d28e32ee,,Yes full name;No full name,Problemes De Prostate,Prostate Problems,Problemes De Prostate,Prostate Problems,Misc,Coded,,
2ca1ab0f-9104-4d96-a54f-20aed7edf27d,,Yes full name;No full name,Problemes De Vessie,Bladder Problems,Problemes De Vessie,Bladder Problems,Misc,Coded,,
4f64a5b4-5742-4a7d-b7d9-f2f4bdaf3922,,Yes full name;No full name,Hematurie,Blood In Urine,Hematurie,Blood In Urine,Misc,Coded,,
1ada85fd-4c8b-4232-a7cf-8e4b7917f754,,Yes full name;No full name,Impuissance,Impotence,Impuissance,Impotence,Misc,Coded,,
17098a2b-d3a3-4396-92f7-ae0b52f40107,Review (Genito-Urinary);Painful Urination;Frequent Urination;Urgency;Prostate Problems;Bladder Problems;Blood In Urine;Impotence,,Genyco-Urologie,Genito-Urinary,Genyco-Urologie,Genito-Urinary,Misc,N/A,,
4af2e5ff-27f5-4321-9a79-bbac7112f059,,Normal;Abnormal,Review (Musculo-Skeletal),Review (Musculo-Skeletal),Revue,Review,Misc,Coded,,
756883b1-cfbb-490d-bc98-e07118b5ff27,,Yes full name;No full name,Douleurs Articulaires/Arthralgie,Joint Pain,Douleurs Articulaires/Arthralgie,Joint Pain,Misc,Coded,,
24266b0d-5967-4178-9862-28a8cd5abbd8,,Yes full name;No full name,Myalgie,Aching Muscles,Myalgie,Aching Muscles,Misc,Coded,,
6a194674-c3d6-4e00-8f00-9d3d0d38914a,,Yes full name;No full name,Douleurs Aux Epaules,Shoulder Pain,Douleurs Aux Epaules,Shoulder Pain,Misc,Coded,,ITAUUYMMXXX
cd038952-5cca-4a99-b1f7-36ffa757a035,,Yes full name;No full name,Gonflement Articulaire,Swelling Of Joints,Gonflement Articulaire,Swelling Of Joints,Misc,Coded,,
48cc874c-c39b-4609-a752-0150d307baf3,,Yes full name;No full name,Deformations Articulaires,Joint Deformities,Deformations Articulaires,Joint Deformities,Misc,Coded,,
c3319d26-539c-40ea-94df-ad170f71acb7,,Yes full name;No full name,Mal De Dos,Back Pain,Mal De Dos,Back Pain,Misc,Coded,,
3823175d-95a4-419d-972b-fcecbc675b9f,Review (Musculo-Skeletal);Joint Pain;Aching Muscles;Shoulder Pain;Swelling Of Joints;Joint Deformities;Back Pain,,Musculo Squelettal,Musculo-Skeletal,Musculo Squelettal,Musculo-Skeletal,Misc,N/A,,
677f1cb0-b68f-45ee-83d7-adbd54ada4de,,Normal;Abnormal,"Review (Skin, Hair And Breast)","Review (Skin, Hair And Breast)",Revue,Review,Misc,Coded,,
ad1fcef0-daa0-40c0-a320-8db2814e4dbb,,Yes full name;No full name,Eruption cutanée,Rash,Eruption cutanée,Rash,Misc,Coded,,
5e0495a3-5065-4e40-b198-130f94ac4687,,Yes full name;No full name,Demangeaisons/Prurit,Itching,Demangeaisons/Prurit,Itching,Misc,Coded,,
62927931-3bf1-441f-ad0b-247bcbfe86e1,,Yes full name;No full name,Perte De Cheveux/Alopecie,Hair Loss,Perte De Cheveux/Alopecie,Hair Loss,Misc,Coded,,
3f99fb06-a70b-4764-8d8e-135e6a857b54,,Yes full name;No full name,Augmentation De La Pilosite/Hirsutisme,Hair Increase,Augmentation De La Pilosite/Hirsutisme,Hair Increase,Misc,Coded,,
026c1721-2380-4154-9e5e-a3a03a3433af,,Yes full name;No full name,Nouvelles Lesions Cutanees/Eruptions Cutanees,New Skin Lesion,Nouvelles Lesions Cutanees/Eruptions Cutanees,New Skin Lesion,Misc,Coded,,
ae52a3f5-8c47-4000-9f6f-35d49a0b69b1,,Yes full name;No full name,Douleurs Mammaires,Breast Pain,Douleurs Mammaires,Breast Pain,Misc,Coded,,
3bcf9938-6e2b-4732-946f-9ff4a860dd7f,,Yes full name;No full name,Masse Dans Les Seins,Breast Mass,Masse Dans Les Seins,Breast Mass,Misc,Coded,,
109d7487-fdfb-46d2-9f32-5c8820942218,,Yes full name;No full name,Changement De La Taille Des Seins,Breast Change,Changement De La Taille Des Seins,Breast Change,Misc,Coded,,
e84597e6-ca6b-4eda-91c6-5651afacbdd2,"Review (Skin, Hair And Breast);Rash;Itching;Hair Loss;Hair Increase;New Skin Lesion;Breast Pain;Breast Mass;Breast Change",,"Peau, Cheveux Et Seins","Skin, Hair And Breast","Peau, Cheveux Et Seins","Skin, Hair And Breast",Misc,N/A,,
6cd33afc-ab7a-491c-b4d8-61ba24076a79,,Normal;Abnormal,Review (Neurologic),Review (Neurologic),Revue,Review,Misc,Coded,,
f1806ea3-da0b-4442-827a-b85f26f038db,,Yes full name;No full name,Convulsions,Convulsion,Convulsions,Convulsion,Misc,Coded,,
4b5ae6ac-00b8-4d06-901e-e96050ddce3e,,Yes full name;No full name,Cephalees Intermittents,Frequent Headaches,Cephalees Intermittents,Frequent Headaches,Misc,Coded,,
1e5bb43e-b500-454c-9181-ce94d572e4d8,,Yes full name;No full name,Vision Trouble,Double Vision,Vision Trouble,Double Vision,Misc,Coded,,
42e9347d-b128-402a-84e3-16b45e00838d,,Yes full name;No full name,Sensation De Changement,Changes In Sensation,Sensation De Changement,Changes In Sensation,Misc,Coded,,
0ec0d691-d162-489b-b960-90224a5ebd21,,Yes full name;No full name,Difficultes De Marche /Boiterie/Handicap Moteur,Problems With Walking,Difficultes De Marche /Boiterie/Handicap Moteur,Problems With Walking,Misc,Coded,,
ed25eb2a-39e7-4d33-87c3-ec8c560e2624,,Yes full name;No full name,Perte D'Equilibre,Problem With Balance,Perte D'Equilibre,Problem With Balance,Misc,Coded,,
7aba59e1-ed2d-4968-9e09-1ba177ed4f4f,,Yes full name;No full name,Vertiges,Dizziness,Vertiges,Dizziness,Misc,Coded,,
488f4774-cae4-4c51-a3bd-fffb6bff86f6,,Yes full name;No full name,Tremblements,Tremor,Tremblements,Tremor,Misc,Coded,,
16e4fa01-be7a-4f2c-8829-b18e9a6d61e2,,Yes full name;No full name,Perte De Connaissance,Loss Of Consciousness,Perte De Connaissance,Loss Of Consciousness,Misc,Coded,,
9c191b98-8ecb-4b96-9337-fa5793788bed,,Yes full name;No full name,Perte Periodique De La Vue,Episodes Of Visual Loss,Perte Periodique De La Vue,Episodes Of Visual Loss,Misc,Coded,,
cf1ff0f6-1ad7-4ec3-b61c-ecfaa848a3af,,Yes full name;No full name,Emotions Incontrollees,Uncontrolled Emotion,Emotions Incontrollees,Uncontrolled Emotion,Misc,Coded,,
907ef8a2-5544-4c63-bb40-5ff5eb03b9d1,Review (Neurologic);Convulsion;Frequent Headaches;Double Vision;Weakness;Changes In Sensation;Problems With Walking;Problem With Balance;Dizziness;Tremor;Loss Of Consciousness;Episodes Of Visual Loss;Uncontrolled Emotion,,Neurologie,Neurologic,Neurologie,Neurologic,Misc,N/A,,
09b5ec2c-10cc-4768-a46e-eafc1849be53,,Normal;Abnormal,Review (Psychiatric),Review (Psychiatric),Revue,Review,Misc,Coded,,
0385d798-e8ab-4e5b-aba5-8bac0a7cebe7,,Yes full name;No full name,Insomnies,Insomnia,Insomnies,Insomnia,Misc,Coded,,
d860c1c3-5d85-4a53-8bf0-601c61aac092,,Yes full name;No full name,Irritabilite,Irritability,Irritabilite,Irritability,Misc,Coded,,
506d37ec-84b7-418c-925e-2a0ff9d72300,,Yes full name;No full name,Depression,Depression,Depression,Depression,Misc,Coded,,
ad926523-01c7-46f6-b4c6-bb63ad2c379e,,Yes full name;No full name,Anxiete,Anxiety,Anxiete,Anxiety,Misc,Coded,,
e5f2e171-24e2-41d6-ad2e-70314f9efb5a,,Yes full name;No full name,Troubles D'Humeur,Mood Swings,Troubles D'Humeur,Mood Swings,Misc,Coded,,
450e1ab0-6da4-45a0-a12f-764e5a6ea4b7,,Yes full name;No full name,Mauvaises Pensees Frequentes,Recurrent Bad Thoughts,Mauvaises Pensees Frequentes,Recurrent Bad Thoughts,Misc,Coded,,
ef82e139-bd19-45fa-a8a4-33a2671f8ae7,,Yes full name;No full name,Hallucinations,Hallucinations,Hallucinations,Hallucinations,Misc,Coded,,
8cd1f291-9851-4259-bfaf-4664708640d7,Review (Psychiatric);Insomnia;Irritability;Depression;Anxiety;Mood Swings;Recurrent Bad Thoughts;Hallucinations,,Psychiatrie,Psychiatric,Psychiatrie,Psychiatric,Misc,N/A,,
9a6edf0b-965b-4d4c-be59-b28d9a4a603c,,Normal;Abnormal,Review (Endocrinologic),Review (Endocrinologic),Revue,Review,Misc,Coded,,
d9255b2f-6363-4dbe-b4c7-ddf09b4031b0,,Yes full name;No full name,Intolerance A La Chaleur,Intolerance To Heat,Intolerance A La Chaleur,Intolerance To Heat,Misc,Coded,,
06e4721d-f4d5-4187-93d6-ef9deb4fb4ae,,Yes full name;No full name,Intolerance Au Froid,Intolerance To Cold,Intolerance Au Froid,Intolerance To Cold,Misc,Coded,,
edfbac5e-71af-4b0b-b9b3-fc60c09f2406,,Yes full name;No full name,Troubles Du Cycle Menstruel,Menstrual Irregularities,Troubles Du Cycle Menstruel ,Menstrual Irregularities,Misc,Coded,,
07cd78e5-0f5c-43b7-94d7-42db16f50721,,Yes full name;No full name,Hyperphagie,Frequent Hunger,Hyperphagie,Frequent Hunger,Misc,Coded,,
eb8043ec-8f30-4fc7-b528-0b7af195e91c,,Yes full name;No full name,Soif Intense,Frequent Thirst,Soif Intense,Frequent Thirst,Misc,Coded,,
c38a0eb7-98a8-4572-8ec7-64d1315ed462,,Yes full name;No full name,Troubles De Pulsions Sexuelles,Changes In Sex Drive,Troubles De Pulsions Sexuelles,Changes In Sex Drive,Misc,Coded,,
a104cd6e-1601-415e-b15f-d760c234cadb,Review (Endocrinologic);Intolerance To Heat;Intolerance To Cold;Menstrual Irregularities;Frequent Hunger;Frequent Thirst;Frequent Urination;Changes In Sex Drive,,Endocrinologie,Endocrinologic,Endocrinologie,Endocrinologic,Misc,N/A,,
46d845fd-6fe4-4d09-9357-34eb2ffe7984,,Normal;Abnormal,Review (Hematologic),Review (Hematologic),Revue,Review,Misc,Coded,,
f51e90ce-d64a-4342-a79c-92553604cd69,,Yes full name;No full name,Saignement Rapide/Hemorragie,Easy Bleeding,Saignement Rapide/Hemorragie,Easy Bleeding,Misc,Coded,,
6c1902ac-fc63-4880-8bef-8ddb6c54b856,,Yes full name;No full name,Ecchymose,Easy Bruising,Ecchymose,Easy Bruising,Misc,Coded,,
5c288810-369a-4cf1-968c-2facf96b31ff,,Yes full name;No full name,Aenemie,Anemia,Aenemie,Anemia,Misc,Coded,,
7a20b394-af45-49c2-ba0f-6cc47c8c1e97,,Yes full name;No full name,Tests Sanguins Anormaux,Abnormal Blood Test,Tests Sanguins Anormaux,Abnormal Blood Test,Misc,Coded,,
9dc5e5a5-c134-4ca5-9dd1-419ab70653dd,,Yes full name;No full name,Leucemie,Leukemia,Leucemie,Leukemia,Misc,Coded,,
a7efa04d-1e5f-4ded-97dc-9009ee4fcfd6,,Yes full name;No full name,Lymphadenopathie,Lymphadenopathy,Lymphadenopathie,Lymphadenopathy,Misc,Coded,,
d71a1fe9-e12f-4aad-8fef-273eb0551e19,Review (Hematologic);Easy Bleeding;Easy Bruising;Anemia;Abnormal Blood Test;Leukemia;Lymphadenopathy,,Hematologie,Hematologic,Hematologie,Hematologic,Misc,N/A,,
5f787421-9312-40fe-aab6-ec9205a9b3b0,"General health;Ear, Nose, Mouth, Throat;Cardiovascular;Respiratory;Gastro Intestinal;Genito-Urinary;Musculo-Skeletal;Skin, Hair And Breast;Neurologic;Psychiatric;Endocrinologic;Hematologic",,3.1 Enquete des systemes,3.1 Review of systems,3.1 Enquete des systemes,3.1 Review of systems,Misc,N/A,,
93d77ecb-7c90-4c23-baec-f016dfabf164,,,Plaintes,Complaints ,Plaintes,Complaints ,Misc,N/A,,
38e0bf6a-d14f-49d0-ab0c-90c4eafe1fd0,,Normal;Abnormal,Peau,Skin ,Peau,Skin ,Misc,Coded,,
2ed1c7bb-72d7-4c30-9637-dffc8195d5a0,,Normal;Abnormal,Aire ganglionnaire,Ganglionic Area ,Aire ganglionnaire,Ganglionic Area ,Misc,Coded,,
a4c89418-c451-4735-8ba1-88a8300ec9d5,,Normal;Abnormal,Examen thoracique,Chest Exam ,Examen thoracique,Chest Exam ,Misc,Coded,,
0389ee63-d82c-47bf-a9ec-3cc27b64a5eb,,Normal;Abnormal,Examen cardiovasculaire,Cardiovascular Exam,Examen cardiovasculaire,Cardiovascular Exam,Misc,Coded,,
a048b263-c12e-4e48-b1eb-1f9a7d11153e,,Normal;Abnormal,Examen digestif,Gastrointestinal examination ,Examen digestif,Gastrointestinal examination ,Misc,Coded,,
71d494f5-c9cb-47b1-89cf-7e06aa67b38d,,Normal;Abnormal,Examen urogénital,Urogenital Exam,Examen urogénital,Urogenital Exam,Misc,Coded,,
43190a9b-ee13-40a7-95b4-443cfbabf541,,Normal;Abnormal,Examen neurologique,Neurological Exam,Examen neurologique,Neurological Exam,Misc,Coded,,
c16357ed-7ee0-425a-a0b6-eef6b82bc9a0,,Normal;Abnormal,Examen psychiatrique,Psychiatric examination ,Examen psychiatrique,Psychiatric examination ,Misc,Coded,,
b5e95e00-b0bc-411b-993b-50ace78cdaf6,,Yes full name;No full name,TB dépisté,TB screened,TB dépisté,TB screened,Misc,Coded,, 
55185e73-e634-4dfc-8ec0-02086e8c54d0,,Yes full name;No full name,Date dépistage TB,TB screened date,Date dépistage TB,TB screened date,Misc,Date,,
469e4748-382d-446c-b967-02606d02c4f1,,Yes full name;No full name,Signes ou symptômes évocateurs de la Tuberculose,Signs or symptoms suggestive of Tuberculosis,Signes ou symptômes évocateurs de la Tuberculose,Signs or symptoms suggestive of Tuberculosis,Misc,Coded,,
0d0ee4db-0b26-48ab-bc64-2364321bd0be,,,Description du diagnostic,Diagnosis description,Description du diagnostic,Diagnosis description,Misc,Text,,
6913c5a7-c91c-4995-b8ee-a3e87bee7bcd,,,Diagnostic differentiel,Differential diagnosis,Diagnostic differentiel,Differential diagnosis,Misc,Text,,
9f40f1a4-ec71-4f52-948b-f0b362640278,,,I,I,I,I,Misc,N/A,,
4d6b53e5-322c-462e-a35c-42800c3c7fb4,,,II,II,II,II,Misc,N/A,,
0b53a94c-7700-4381-8f16-f74a09b833cd,,,III,III,III,III,Misc,N/A,,
fd27fdb0-484a-488c-93b5-15fd894ba4b9,,,IV,IV,IV,IV,Misc,N/A,,
c06cd011-b37a-4159-9bdd-6f339069bb91,,I;II;III;IV,Stade OMS,WHO stage,Stade OMS,WHO stage,Misc,Coded,,
d048b999-a723-40af-a0a2-935d6e61c35c,,,"Indiquez l'élément classant au stade OMS (par exemple : si : Stade I, préciser (Asymptomatique ou Lymphadènopathie généralisée persistante)","Indicate the classifying element at WHO stage (for example: if: Stage I, specify (Asymptomatic? Persistent generalized lymphadenopathy?) ","Indiquez l'élément classant au stade OMS (par exemple : si : Stade I, préciser (Asymptomatique ou Lymphadènopathie généralisée persistante)","Indicate the classifying element at WHO stage (for example: if: Stage I, specify (Asymptomatic? Persistent generalized lymphadenopathy?)",Misc,Text,,
b44ed79b-ee23-4e98-ada8-4dd4d95ef74c,"Skin ;Ganglionic Area ;Chest Exam ;Cardiovascular Exam;Gastrointestinal examination ;Urogenital Exam ;Neurological Exam;Psychiatric examination ;TB screened;TB screened date;Signs or symptoms suggestive of Tuberculosis;Diagnosis description;Differential diagnosis;WHO stage;Indicate the classifying element at WHO stage (for example: if: Stage I, specify (Asymptomatic? Persistent generalized lymphadenopathy?)",,3.2 Examen Systémique,3.2 Systemic Exam,3.2 Examen Systémique,3.2 Systemic Exam,Misc,N/A,,
234fb6cd-2998-4c2e-ae9e-63acc0745a98,,Yes full name;No full name,ARV prescrit,Prescription prescribed ARV,ARV prescrit,Prescription prescribed ARV,Misc,Coded,,
a67b3674-8320-4bee-a26a-f48fc2d7829b,,,Protocole,Protocol,Protocole,Protocol,Misc,Text,,
9d928a3f-95cb-487f-96ef-86cf960503a9,,,1 ère ligne,1st line,1 ère ligne,1st line,Misc,N/A,,
d0ee855d-f0b4-49d2-be02-1d1457d5c8bf,,,2 ème ligne,2nd line,2 ème ligne,2nd line,Misc,N/A,,
d1661aa5-9a4f-4b31-b816-6973aa604289,,,3 ème ligne,3rd line,3 ème ligne,3rd line,Misc,N/A,,
847376fb-df82-4b4d-80ce-82a2a8a97af8,,,1 ère ligne substituée,1st substituted line,1 ère ligne substituée,1st substituted line,Misc,N/A,,
488dc569-2cd0-4ca5-89b0-8a30a3787f7b,,,2 ème ligne substituée,2nd substituted line,2 ème ligne substituée,2nd substituted line,Misc,N/A,,
3ba5c56e-5dec-4576-81d6-9badea69d4cf,,,3 ème ligne substituée,3rd substituted line,3 ème ligne substituée,3rd substituted line,Misc,N/A,,
a8bc4608-eaae-4610-a842-d83d6261ea49,,1st line;2nd line;3rd line;1st substituted line;2nd substituted line;3rd substituted line,Ligne thérapeutique,Therapeutic line,Ligne thérapeutique,Therapeutic line,Misc,Coded,,
7db33393-646a-4d6a-85ed-8aa271030a55,,,15 jours,15 days,15 jours,15 days,Misc,N/A,,
1c05a263-6aa3-4cda-9ae4-1adc848da76f,,,03 mois,03 months,03 mois,03 months,Misc,N/A,,
eeadc3aa-91a8-48d9-89fd-205c1d2330b3,,,06 mois,06 months,06 mois,06 months,Misc,N/A,,
6112946e-9516-4917-b474-691c4f61519f,,15 days;03 months;06 months,Traitement,Treatment,Traitement,Treatment,Misc,Coded,,
7f8587cd-83d4-4965-a603-e6ca302f1238,,,Protocole servi (è la pharmacy),Protocol served (at the pharmacy),Protocole servi (è la pharmacy),Protocol served (at the pharmacy),Misc,Text,,
11a26112-8ceb-4a0c-aa46-46175b57be22,,Yes full name;No full name,Prophylaxie au cotrimoxazole,Cotrimoxazole prophylaxis,Prophylaxie au cotrimoxazole,Cotrimoxazole prophylaxis,Misc,Coded,,
1d99f88b-06a1-44ff-8485-ec442635dbff,,Yes full name;No full name,Prophylaxie contre TB,Prophylaxis against TB,Prophylaxie contre TB,Prophylaxis against TB,Misc,Coded,,
f58ec40b-b4b1-4caa-b4bc-70efe5c5182b,,Yes full name;No full name,Traitement TB,TB treatment,Traitement TB,TB treatment,Misc,Coded,,
2513b01c-473e-4e17-87db-7c7b4d406723,,,Autres traitements,Other treatments,Autres traitements,Other treatments,Misc,Text,,
19ee2e9b-3e1e-42dc-af41-1b1ac96a91dc,,,Date de la prochaine visite mèdicale,Date of the next medical visit,Date de la prochaine visite mèdicale,Date of the next medical visit,Misc,Date,,
20b2eac4-ff3a-4569-b610-067c4cd8b027,Index testing offered?;Date Offered;Index testing accepted?;Date Accepted;Prescription prescribed ARV;Protocol;Therapeutic line;6112946e-9516-4917-b474-691c4f61519f;Protocol served (at the pharmacy);Cotrimoxazole prophylaxis;Prophylaxis against TB;TB treatment;Other treatments,,3.3 Traitements,3.3 Treatments,3.3 Traitements,3.3 Treatments,Misc,N/A,,
059b8309-4cba-46cc-a857-e1e74be3fa86,3.1 Review of systems;3.2 Systemic Exam;3.3 Treatments,,3. Visite initiale,3. Initial visit,3. Visite initiale,3. Initial visit,Misc,N/A,,
86d0d864-c287-4007-afc3-815a55de125a,,,PMM/DMM(2 mois and > 3 mois),MMP/MMD(2 months and > 3months),PMM/DMM(2 mois and > 3 mois),MMP/MMD(2 months and > 3months),Misc,N/A,,
1e7327ec-bbfc-4ff4-824e-1996f82b32a0,,,Modèle familial,Family Model,Modèle familial,Family Model,Misc,N/A,,
583f4f47-cabf-4823-993d-164d2877f067,,,Groupe de soutient à la FOSA,Facility Support Groups,Groupe de soutient à la FOSA,Facility Support Groups,Misc,N/A,,
f66532b4-1dac-4082-9864-97c1b9447bd5,,,Heures prolongées,Prolonged Hours/Extended Hours,Heures prolongées,Prolonged Hours/Extended Hours,Misc,N/A,,
8ad4cf47-edb9-45cb-a784-37d8cab9c0b2,,,Modèle VIP,VIP model,Modèle VIP,VIP model,Misc,N/A,,
407778c2-63e9-4a94-9482-9f1985234ae3,,,Dispensation par les OBC,CBO dispensation,Dispensation par les OBC,CBO dispensation,Misc,N/A,,
2217bdb0-1143-477c-b0c6-02769c821982,,,Dispensation à domicile,Home dispensations,Dispensation à domicile,Home dispensations,Misc,N/A,,
336e170a-6e73-47cc-9911-01d447832376,,,Dispensation ARV de proximité,ART outreach Dispensations,Dispensation ARV de proximité,ART outreach Dispensations,Misc,N/A,,
4019be2e-af21-428d-b9b6-c053c220c252,,,Centre d’accueil,Drop-in-centers,Centre d’accueil,Drop-in-centers,Misc,N/A,,
275d008f-e242-449e-9559-3acbe5c3e33b,,,Groupe de soutient communautaire,Community ART Groups,Groupe de soutient communautaire,Community ART Groups,Misc,N/A,,
c9499107-3a77-4530-8a87-894a869c058d,,,RDV de dispensation rapide ARV,Fast-track appointments,RDV de dispensation rapide ARV,Fast-track appointments,Misc,N/A,,
186545f0-2320-4dfc-b85e-efc66aa05a68,,,Groupe de distribution communautaire,Community ART distribution/pick-up,Groupe de distribution communautaire,Community ART distribution/pick-up,Misc,N/A,,
b99b0cca-249e-43d7-95e2-453b46b84f27,,,Expédition,Expedition,Expédition,Expedition,Misc,N/A,,
ccd879e9-d9ff-4fab-b433-327e0f112387,,MMP/MMD(2 months and > 3months);Family Model;Facility Support Groups;Prolonged Hours/Extended Hours;VIP model;CBO dispensation;Home dispensations;ART outreach Dispensations;Drop-in-centers;Community ART Groups;Fast-track appointments;Community ART distribution/pick-up;Expedition,Modèle de Dispensation ARV,ART Dispensation Model,Modèle de Dispensation ARV,ART Dispensation Model,Misc,Coded,,
1fb2dd86-53b5-4815-9c64-edc081b908d9,83e4df0e-5723-4c53-ae8b-7411b2337bef;7d1187b3-f428-4064-80ec-869c16761793;059b8309-4cba-46cc-a857-e1e74be3fa86,,Fiche du patient avec VIH  - adulte,Patient with HIV - adult initial,Fiche du patient avec VIH  - adulte,Patient with HIV - adult initial,Misc,N/A,,